Subject,Session,Procedure[Block],Trial,ActualPrime,PrimeDef.RESP[Trial],PrimeDef.RT[Trial],PrimeDefinition[Trial],PrimeLength,PrimeResponse.RESP[Trial],PrimeResponse.RT[Trial],Stimuli1,StimuliNo,Target[Trial],TargetDefinition.RESP[Trial],TargetDefinition.RT[Trial],TargetQuestion.RESP[Trial],TargetQuestion.RT[Trial],TargetResponse.RESP[Trial],TargetResponse.RT[Trial],CuedRecallAcc,TargetAccuracy
1,1,S1,144,ALIVE,night{SPACE},2632,LIGHT,5,alive{SPACE},1877,1,1,A B D I C A T E ,abdocate{SPACE},5411,1,874,a{LEFTARROW}{LEFTARROW}bdicate{SPACE},6656,0,1
1,1,S1,145,CIRCLE,{SPACE},1918,DRY,6,circle{SPACE},1768,2,2,A B O R I G I N E,ame,9359,2,2287,{SPACE},1649,0,0
1,1,S1,109,SIT,zoo{SPACE},2381,SOFT,3,sit{SPACE},944,3,6,A B S T A I N,{SPACE},4375,2,986,abstain{SPACE},2544,0,0
1,1,S1,148,FLOWER,{SPACE},4286,ARROW,6,flower{SPACE},1257,4,7,A D V O C A T E ,{SPACE},3810,3,1838,advocate{SPACE},2984,0,0
1,1,S1,121,LION,tree{SPACE},4822,VINE,4,lion{SPACE},1863,5,8,A L C O T T ,{SPACE},1782,2,1096,alcott{SPACE},1563,0,0
1,1,S1,105,GLUE,{SPACE},3235,EMPTY,4,glue{SPACE},1164,6,9,A N A C H R O N I S M,{SPACE},7193,3,5779,{SPACE},3268,0,0
1,1,S1,124,GOLD,lost{SPACE},4859,CREDIT,4,gold{SPACE},1107,7,10,A N A G R A M,{SPACE},6769,4,5150,anagram{SPACE},1552,0,0
1,1,S1,139,ANIMAL,{SPACE},3417,FUEL,6,animal{SPACE},1538,8,11,A N D E S,{SPACE},5023,4,934,andes{SPACE},1593,0,0
1,1,S1,131,COLD,cold{SPACE},2075,TOUCH,4,cold{SPACE},994,9,11,A U R O R A ,{SPACE},2918,4,1416,aurora{SPACE},1719,1,0
1,1,S1,114,DOOR,desk{SPACE},4093,TABLE,4,door{SPACE},1817,10,12,B A N G K O K,{SPACE},9162,4,2081,bangkok{SPACE},2599,0,0
1,1,S1,142,LAND,land{SPACE},3488,PONY,4,land{SPACE},1835,11,12,B A R T E R ,barter{SPACE},3068,1,999,barter{SPACE},1053,1,1
1,1,S1,137,TEAR,wood{SPACE},2850,OAK,4,tear{SPACE},1227,12,12,B E C K H A M,{SPACE},3493,4,1438,beckham{SPACE},2569,0,0
1,1,S1,128,FOUND,drown{SPACE},4666,BLAZE,5,found{SPACE},980,13,14,B I N O M I A L ,equation{SPACE},7321,1,2494,binomial{SPACE},2168,0,0
1,1,S1,127,TEST,colf{SPACE},6772,WICK,4,test{SPACE},743,14,15,C A R C A S S,carcass{SPACE},6053,1,2433,carcass{SPACE},1654,0,1
1,1,S1,120,AFTER,{SPACE},5653,BRIDE,5,after{SPACE},1610,15,18,C A R R O L L,{SPACE},9074,3,1660,carroll{SPACE},1399,0,0
1,1,S1,133,DAY,{SPACE},2201,MISTAKE,3,day{SPACE},987,16,20,C H A M E L E O N,{SPACE},6191,4,1093,chamelion{SPACE},6506,0,0
1,1,S1,104,ANGEL,board{SPACE},4200,TRIM,5,angel{SPACE},2940,17,21,C H U R C H I L L,churchill{SPACE},6141,1,1253,churchill{SPACE},3552,0,1
1,1,S1,126,JUMP,{SPACE},6657,EARLY,4,jump{SPACE},1200,18,22,C L E M E N S,{SPACE},2732,2,1446,clemens{SPACE},1680,0,0
1,1,S1,108,FORK,dust{SPACE},5804,BROOM,4,fork{SPACE},932,19,23,C O N G R U E N T,{SPACE},5307,2,1127,congruent{SPACE},1773,0,0
1,1,S1,136,TEETH,{SPACE},2701,WORST,5,teeth{SPACE},1469,20,27,C O N N E R Y,{SPACE},2861,2,737,connery{SPACE},1445,0,0
1,1,S1,140,INK,dry{SPACE},2783,BACON,3,ink{SPACE},718,21,31,C O V E N A N T ,,0,4,1809,covenant{SPACE},2283,0,0
1,1,S1,113,CAKE,{SPACE},5016,DUNE,4,cake{SPACE},1105,22,31,D A N T E,brown{SPACE},8400,1,1079,dante{SPACE},1021,0,0
1,1,S1,116,HIGH,{SPACE},4590,TILE,4,high{SPACE},1076,23,32,D E F A U L T,default{SPACE},7027,1,902,default{SPACE},4052,0,1
1,1,S1,111,PAIN,pain{SPACE},4617,COD,4,pain{SPACE},949,24,32,D E P L E T E,{SPACE},3900,2,1156,depleat{SPACE},1662,1,0
1,1,S1,112,DIRT,dirt{SPACE},4226,ANTLER,4,dirt{SPACE},1521,25,33,D I V E R G E,{SPACE},3679,2,672,diverge{SPACE},1734,1,0
1,1,S1,103,DAWN,dawn{SPACE},4020,SAD,4,dawn{SPACE},997,26,33,E C C E N T R I C,{SPACE},2905,2,1692,eccentric{SPACE},1934,1,0
1,1,S1,102,ABOVE,above{SPACE},4394,WAG,5,above{SPACE},1619,27,35,E X O R C I S M ,{SPACE},3324,2,1821,exorcism{SPACE},2063,1,0
1,1,S1,146,PEPPER,beard{SPACE},2790,ROW,6,pepper{SPACE},1118,28,36,F A R A D A Y,einste,9949,1,2145,faraday{SPACE},2325,0,0
1,1,S1,118,BELT,leap{SPACE},3888,TOAD,4,belt{SPACE},986,29,41,F O L I A G E,leaves,3998,3,5121,foliage{SPACE},2758,0,0
1,1,S1,122,ANGER,{SPACE},2931,ASSIST,5,anger{SPACE},965,30,44,G A R L A N D,{SPACE},3051,2,951,garland{SPACE},1735,0,0
1,1,S1,110,BEE,zoo{SPACE},2686,DEAD,3,bee{SPACE},839,31,45,G O S L I N G,goosling{SPACE},5234,1,1953,gosling{SPACE},1568,0,1
1,1,S1,125,GIRL,edge{SPACE},3193,SQUARE,4,girl{SPACE},893,32,45,H A N C O C K,jeferson,9205,4,3224,hancock{SPACE},1493,0,0
1,1,S1,143,OLD,oil{SPACE},3322,STAND,3,old{SPACE},719,33,47,H E L S I N K I ,{SPACE},2015,2,1351,helsinki{SPACE},2453,0,0
1,1,S1,130,LEAD,gold{SPACE},2533,VASE,4,lead{SPACE},1157,34,47,H O I S T,raise{SPACE},4866,1,1361,hoist{SPACE},1236,0,0
1,1,S1,123,LEMON,table{SPACE},3017,ROAR,5,lemon{SPACE},1290,35,48,H U S S E I N,{SPACE},3329,2,1682,hussein{SPACE},1604,0,0
1,1,S1,119,HAMMER,{SPACE},1866,PASTE,6,hammer{SPACE},1775,36,50,I D I O S Y N C R A S Y ,{SPACE},3666,2,1828,{SPACE},1464,0,0
1,1,S1,107,ARM,bow{SPACE},5482,SILVER,3,arm{SPACE},1152,37,51,I N T E R J E C T,{SPACE},2413,2,2182,interject{SPACE},2241,0,0
1,1,S1,101,BABY,wood{SPACE},4512,ZOO,4,baby{SPACE},2918,38,57,J A G G E R ,{SPACE},6520,2,2431,jagger{SPACE},1920,0,0
1,1,S1,135,JOKE,leap{SPACE},4959,HOT,4,joke{SPACE},899,39,58,L I B E L,lying{SPACE},5531,1,606,libel{SPACE},2327,0,0
1,1,S1,147,BOOK,door{SPACE},4109,KNOB,4,book{SPACE},1152,40,62,L O Q U A C I O U S ,{SPACE},5053,3,1604,{SPACE},304,0,0
1,1,S1,138,WOOD,wood{SPACE},2263,ACRE,4,wood{SPACE},757,41,63,M A N D E L A,{SPACE},6323,2,2148,mandela{SPACE},1551,1,0
1,1,S1,106,KNIFE,tide{SPACE},2083,RIP,5,knife{SPACE},1957,42,63,M E A G E R ,{SPACE},3984,2,1252,meager{SPACE},1419,0,0
1,1,S1,129,BOARD,water{SPACE},3527,LOST,5,board{SPACE},1369,43,64,M E R C U R Y,{SPACE},2878,2,2354,mercury{SPACE},1748,0,0
1,1,S1,149,BIRD,{SPACE},5828,EXAM,4,bird{SPACE},1009,44,65,M I L L E R ,{SPACE},1317,2,716,miller{SPACE},1210,0,0
1,1,S1,150,MOVIE,after{SPACE},3462,BEFORE,5,movie{SPACE},930,45,67,M I N C E,{SPACE},6794,3,950,mince{SPACE},1317,0,0
1,1,S1,141,BULB,time{SPACE},2677,NIGHT,4,bulb{SPACE},865,46,69,M O N O T O N Y ,{SPACE},2603,2,1467,monotony{SPACE},1926,0,0
1,1,S1,115,WET,{SPACE},5492,HALO,3,wet{SPACE},1349,47,69,M O N R O E ,monroe{SPACE},6315,1,971,monroe{SPACE},1992,0,1
1,1,S1,132,HARD,pole{SPACE},5577,LEAP,4,hard{SPACE},855,48,71,N A I R O B I,{SPACE},4993,2,1034,nairobi{SPACE},6717,0,0
2,1,S1,137,ALIVE,{SPACE},3632,LIGHT,5,alive{SPACE},909,1,1,A B D I C A T E ,{SPACE},9351,2,1209,abdicate{SPACE},2605,0,0
2,1,S1,109,CIRCLE,{SPACE},2660,DRY,6,circle{SPACE},1925,2,2,A B O R I G I N E,indigenous{SPACE},6736,1,1500,aborigine{SPACE},2228,0,0
2,1,S1,116,SIT,{SPACE},4871,SOFT,3,sit{SPACE},614,3,6,A B S T A I N,{SPACE},9518,2,1856,abstain{SPACE},1118,0,0
2,1,S1,107,FLOWER,{SPACE},3053,ARROW,6,flower{SPACE},1261,4,7,A D V O C A T E ,{SPACE},2725,2,1967,advocate{SPACE},2866,0,0
2,1,S1,119,LION,{SPACE},3070,VINE,4,lion{SPACE},829,5,8,A L C O T T ,{SPACE},3112,2,1439,alcott{SPACE},1818,0,0
2,1,S1,123,GLUE,{SPACE},2211,EMPTY,4,glue{SPACE},1258,6,9,A N A C H R O N I S M,,0,2,1622,anachorism{SPACE},2779,0,0
2,1,S1,142,GOLD,gold{SPACE},1728,CREDIT,4,gold{SPACE},905,7,10,A N A G R A M,{SPACE},6208,2,1494,anagram{SPACE},1353,1,0
2,1,S1,127,ANIMAL,{SPACE},2874,FUEL,6,animal{SPACE},1715,8,11,A N D E S,{SPACE},2568,2,1193,andes{SPACE},1136,0,0
2,1,S1,129,COLD,cold{SPACE},2978,TOUCH,4,cold{SPACE},770,9,11,A U R O R A ,aurora{SPACE},6064,1,1515,aurora{SPACE},1215,1,1
2,1,S1,103,DOOR,door{SPACE},2395,TABLE,4,door{SPACE},958,10,12,B A N G K O K,{SPACE},2966,2,3387,bangkok{SPACE},1871,1,0
2,1,S1,113,LAND,tail{SPACE},2660,PONY,4,land{SPACE},1081,11,12,B A R T E R ,bargain{SPACE},7480,1,2950,barter{SPACE},1330,0,0
2,1,S1,115,TEAR,{SPACE},2390,OAK,4,tear{SPACE},838,12,12,B E C K H A M,{SPACE},3414,2,1182,beckham{SPACE},2418,0,0
2,1,S1,131,FOUND,{SPACE},17631,BLAZE,5,found{SPACE},1634,13,14,B I N O M I A L ,algebra{SPACE},5032,3,2083,binomial{SPACE},1684,0,0
2,1,S1,148,TEST,{SPACE},1507,WICK,4,test{SPACE},739,14,15,C A R C A S S,carcas{ENTER}{SPACE},9455,3,2476,carcass{SPACE},3108,0,1
2,1,S1,108,AFTER,after{SPACE},2436,BRIDE,5,after{SPACE},956,15,18,C A R R O L L,{SPACE},5747,2,1449,carrol{SPACE},1359,1,0
2,1,S1,144,DAY,day{SPACE},4107,MISTAKE,3,day{SPACE},605,16,20,C H A M E L E O N,chamelion{SPACE},4786,1,2405,chamelion{SPACE},1933,1,1
2,1,S1,121,ANGEL,{SPACE},2173,TRIM,5,angel{SPACE},1104,17,21,C H U R C H I L L,{SPACE},2575,2,1201,churchill{SPACE},1961,0,0
2,1,S1,143,JUMP,{SPACE},3181,EARLY,4,jump{SPACE},1303,18,22,C L E M E N S,{SPACE},5784,4,788,clemens{SPACE},1385,0,0
2,1,S1,126,FORK,{SPACE},2607,BROOM,4,fork{SPACE},2487,19,23,C O N G R U E N T,{SPACE},4250,2,1351,congruent{SPACE},3507,0,0
2,1,S1,138,TEETH,{SPACE},6969,WORST,5,teeth{SPACE},1196,20,27,C O N N E R Y,{SPACE},3188,2,1035,connery{SPACE},1244,0,0
2,1,S1,105,INK,ink{SPACE},3816,BACON,3,{SPACE},2127,21,31,C O V E N A N T ,covenant{SPACE},5812,1,2232,covenant{SPACE},1329,1,1
2,1,S1,146,CAKE,cake{SPACE},2296,DUNE,4,cake{SPACE},798,22,31,D A N T E,{SPACE},1996,2,1220,dante{SPACE},1168,1,0
2,1,S1,106,HIGH,high{SPACE},2430,TILE,4,high{SPACE},4442,23,32,D E F A U L T,{SPACE},8998,2,1971,default{SPACE},3472,1,0
2,1,S1,118,PAIN,pain{SPACE},4781,COD,4,pain{SPACE},853,24,32,D E P L E T E,depleat{SPACE},4477,1,1982,depleat{SPACE},2057,1,1
2,1,S1,149,DIRT,{SPACE},1690,ANTLER,4,dirt{SPACE},1310,25,33,D I V E R G E,{SPACE},5463,2,1052,diverge{SPACE},1489,0,0
2,1,S1,139,DAWN,{SPACE},2727,SAD,4,dawn{SPACE},970,26,33,E C C E N T R I C,{SPACE},4188,2,1463,eccentric{SPACE},1626,0,0
2,1,S1,111,ABOVE,{SPACE},4123,WAG,5,above{SPACE},991,27,35,E X O R C I S M ,e,9703,4,3962,exorcism{SPACE},2938,0,0
2,1,S1,122,PEPPER,{SPACE},2896,ROW,6,pepepr{SPACE},1057,28,36,F A R A D A Y,newton,9273,3,4039,faraday{SPACE},1898,0,0
2,1,S1,112,BELT,road{SPACE},2649,TOAD,4,belt{SPACE},911,29,41,F O L I A G E,{SPACE},6217,3,2988,foliage{SPACE},4337,0,0
2,1,S1,140,ANGER,{SPACE},1621,ASSIST,5,anger{SPACE},733,30,44,G A R L A N D,{SPACE},5981,4,2511,garland{SPACE},1497,0,0
2,1,S1,136,BEE,{SPACE},5621,DEAD,3,bee{SPACE},844,31,45,G O S L I N G,{SPACE},4359,2,1262,goosling{SPACE},2194,0,0
2,1,S1,145,GIRL,{SPACE},2310,SQUARE,4,girl{SPACE},674,32,45,H A N C O C K,jefferson{SPACE},6470,1,1535,hancock{SPACE},1585,0,0
2,1,S1,147,OLD,air{SPACE},2907,STAND,3,old{SPACE},660,33,47,H E L S I N K I ,{SPACE},1270,2,1103,helsniki{SPACE},2383,0,0
2,1,S1,130,LEAD,{SPACE},3317,VASE,4,lead{SPACE},708,34,47,H O I S T,{SPACE},4529,4,2272,hoist{SPACE},955,0,0
2,1,S1,114,LEMON,{SPACE},3705,ROAR,5,lemon{SPACE},904,35,48,H U S S E I N,{SPACE},4320,2,2037,hussein{SPACE},1699,0,0
2,1,S1,133,HAMMER,{SPACE},5468,PASTE,6,hammer{SPACE},916,36,50,I D I O S Y N C R A S Y ,characteristic{SPACE},4571,3,1398,idiosyncracy{SPACE},3567,0,0
2,1,S1,101,ARM,{SPACE},4463,SILVER,3,arm{SPACE},1222,37,51,I N T E R J E C T,interrupt{SPACE},7171,3,4717,interject{SPACE},2200,0,0
2,1,S1,141,BABY,{SPACE},3365,ZOO,4,baby{SPACE},808,38,57,J A G G E R ,{SPACE},5268,4,562,jagger{SPACE},1843,0,0
2,1,S1,124,JOKE,{SPACE},3568,HOT,4,joke{SPACE},867,39,58,L I B E L,libel{SPACE},4717,1,1445,libel{SPACE},1239,0,1
2,1,S1,102,BOOK,book{SPACE},3574,KNOB,4,book{SPACE},1284,40,62,L O Q U A C I O U S ,talkative{SPACE},8064,3,1601,loquacious{SPACE},2889,1,0
2,1,S1,120,WOOD,{SPACE},3780,ACRE,4,wood{SPACE},992,41,63,M A N D E L A,mendela,6147,1,3640,mandela{SPACE},1252,0,1
2,1,S1,132,KNIFE,{SPACE},3236,RIP,5,knife{SPACE},2037,42,63,M E A G E R ,{SPACE},3213,2,1234,meager{SPACE},1125,0,0
2,1,S1,128,BOARD,{SPACE},2700,LOST,5,board{SPACE},1316,43,64,M E R C U R Y,{SPACE},9176,4,1903,mercury{SPACE},1393,0,0
2,1,S1,125,BIRD,{SPACE},2636,EXAM,4,bird{SPACE},1243,44,65,M I L L E R ,{SPACE},1845,2,1075,miller{SPACE},1556,0,0
2,1,S1,135,MOVIE,{SPACE},2808,BEFORE,5,movie{SPACE},825,45,67,M I N C E,dice{SPACE},4709,3,1786,mince{SPACE},814,0,0
2,1,S1,110,BULB,{SPACE},4090,NIGHT,4,bulb{SPACE},1829,46,69,M O N O T O N Y ,{SPACE},7253,2,1444,monotony{SPACE},3309,0,0
2,1,S1,150,WET,top{SPACE},1742,HALO,3,wet{SPACE},583,47,69,M O N R O E ,monroe{SPACE},6882,1,1703,monroe{SPACE},1717,0,1
2,1,S1,104,HARD,jump{SPACE},2453,LEAP,4,hard{SPACE},2709,48,71,N A I R O B I,{SPACE},4095,2,3040,nairobi{SPACE},1550,0,0
3,1,S1,111,ALIVE,{SPACE},4999,LIGHT,5,alive{SPACE},1028,1,1,A B D I C A T E ,concede{SPACE},5163,3,1865,abdicate{SPACE},1771,0,0
3,1,S1,110,CIRCLE,{SPACE},1833,DRY,6,circle{SPACE},1521,2,2,A B O R I G I N E,{SPACE},4831,2,2207,aborigine{SPACE},3091,0,0
3,1,S1,142,SIT,hot{SPACE},10720,SOFT,3,sit{SPACE},983,3,6,A B S T A I N,abstain{SPACE},5130,1,890,abstain{SPACE},1679,0,1
3,1,S1,147,FLOWER,flower{SPACE},2477,ARROW,6,flower{SPACE},1506,4,7,A D V O C A T E ,,0,4,1623,advocate{SPACE},2122,1,0
3,1,S1,149,LION,lion{SPACE},3612,VINE,4,lion{SPACE},1236,5,8,A L C O T T ,{SPACE},2876,2,480,alcott{SPACE},1454,0,0
3,1,S1,108,GLUE,glue{SPACE},2104,EMPTY,4,glue{SPACE},1058,6,9,A N A C H R O N I S M,{SPACE},5203,2,1366,{SPACE},147,1,0
3,1,S1,107,GOLD,gold{SPACE},1890,CREDIT,4,gold{SPACE},1758,7,10,A N A G R A M,{SPACE},5681,2,1424,anagram{SPACE},1702,1,0
3,1,S1,143,ANIMAL,animal{SPACE},2161,FUEL,6,animal{SPACE},1541,8,11,A N D E S,{SPACE},2763,4,2660,andes{SPACE},1466,1,0
3,1,S1,133,COLD,cold{SPACE},2163,TOUCH,4,cold{SPACE},1064,9,11,A U R O R A ,aurora{SPACE},5497,1,1322,aurora{SPACE},1736,1,1
3,1,S1,105,DOOR,door{SPACE},1912,TABLE,4,door{SPACE},1293,10,12,B A N G K O K,{SPACE},3044,2,1249,bangok{SPACE},2457,1,0
3,1,S1,124,LAND,race{SPACE},5968,PONY,4,la{SPACE},658,11,12,B A R T E R ,{SPACE},8712,4,1775,barter{SPACE},1198,0,0
3,1,S1,150,TEAR,bush{SPACE},7048,OAK,4,tear{SPACE},2388,12,12,B E C K H A M,beckham{SPACE},4284,1,500,beckham{SPACE},2043,0,1
3,1,S1,140,FOUND,{SPACE},1813,BLAZE,5,found{SPACE},2202,13,14,B I N O M I A L ,equation{SPACE},6410,1,1043,binomial{SPACE},2661,0,0
3,1,S1,115,TEST,cold{SPACE},4078,WICK,4,test{SPACE},1198,14,15,C A R C A S S,carcas{SPACE},6506,1,2132,carcas{SPACE},1116,0,1
3,1,S1,136,AFTER,death{SPACE},4907,BRIDE,5,after{SPACE},1210,15,18,C A R R O L L,{SPACE},8386,4,1368,carrol{SPACE},2052,0,0
3,1,S1,104,DAY,day{SPACE},3032,MISTAKE,3,day{SPACE},1354,16,20,C H A M E L E O N,chamille,9984,1,1934,chameleon{SPACE},4994,1,1
3,1,S1,118,ANGEL,{SPACE},2013,TRIM,5,angel{SPACE},1255,17,21,C H U R C H I L L,{SPACE},1907,2,1358,churchill{SPACE},2339,0,0
3,1,S1,123,JUMP,bird{SPACE},2872,EARLY,4,jump{SPACE},1752,18,22,C L E M E N S,{SPACE},4062,2,828,clemens{SPACE},2396,0,0
3,1,S1,119,FORK,cold{SPACE},5770,BROOM,4,fork{SPACE},1358,19,23,C O N G R U E N T,{SPACE},5781,2,1163,congruent{SPACE},1733,0,0
3,1,S1,122,TEETH,{SPACE},3295,WORST,5,teeth{SPACE},1436,20,27,C O N N E R Y,{SPACE},3006,2,1098,connrey{SPACE},1665,0,0
3,1,S1,131,INK,jam{SPACE},3071,BACON,3,ink{SPACE},1724,21,31,C O V E N A N T ,sacrifice{SPACE},5013,3,1369,covenant{SPACE},2714,0,0
3,1,S1,120,CAKE,sand{SPACE},1974,DUNE,4,cake{SPACE},678,22,31,D A N T E,dante{SPACE},4201,1,977,dante{SPACE},1111,0,1
3,1,S1,144,HIGH,cold{SPACE},5361,TILE,4,high{SPACE},3209,23,32,D E F A U L T,indebted{SPACE},6556,3,2770,default{SPACE},2565,0,0
3,1,S1,126,PAIN,pain{SPACE},3571,COD,4,pain{SPACE},1112,24,32,D E P L E T E,{SPACE},5604,4,1428,deplete{SPACE},1824,1,0
3,1,S1,101,DIRT,dirt{SPACE},5548,ANTLER,4,dirt{SPACE},2284,25,33,D I V E R G E,diverge{SPACE},5939,2,7365,diverge{SPACE},2131,1,1
3,1,S1,113,DAWN,cold{SPACE},4030,SAD,4,dawn{SPACE},2029,26,33,E C C E N T R I C,{SPACE},4660,2,1968,ecentric{SPACE},1843,0,0
3,1,S1,102,ABOVE,{SPACE},2156,WAG,5,above{SPACE},1663,27,35,E X O R C I S M ,exercism{SPACE},7846,1,1054,exorcism{SPACE},3633,0,1
3,1,S1,128,PEPPER,{SPACE},3409,ROW,6,pepper{SPACE},1493,28,36,F A R A D A Y,{SPACE},6229,2,1207,faraday{SPACE},1883,0,0
3,1,S1,138,BELT,cold{SPACE},3786,TOAD,4,belt{SPACE},1566,29,41,F O L I A G E,shubbery{SPACE},8409,3,1779,foliage{SPACE},1482,0,0
3,1,S1,114,ANGER,{SPACE},63,ASSIST,5,anger{SPACE},989,30,44,G A R L A N D,{SPACE},3815,2,1581,garland{SPACE},1769,0,0
3,1,S1,106,BEE,{SPACE},2444,DEAD,3,bee{SPACE},1255,31,45,G O S L I N G,gosling{SPACE},4307,1,966,gosling{SPACE},1877,0,1
3,1,S1,137,GIRL,{SPACE},2828,SQUARE,4,girl{SPACE},1331,32,45,H A N C O C K,jefferson{SPACE},5755,1,1237,hancock{SPACE},1553,0,0
3,1,S1,146,OLD,{SPACE},4151,STAND,3,old{SPACE},950,33,47,H E L S I N K I ,{SPACE},3181,2,1319,helsinki{SPACE},3433,0,0
3,1,S1,135,LEAD,cold{SPACE},3608,VASE,4,lead{SPACE},1000,34,47,H O I S T,{SPACE},5470,2,1395,hoist{SPACE},1449,0,0
3,1,S1,129,LEMON,{SPACE},7717,ROAR,5,lemon{SPACE},2672,35,48,H U S S E I N,hussein{SPACE},8172,1,1196,hussein{SPACE},1984,0,1
3,1,S1,116,HAMMER,{SPACE},5176,PASTE,6,hammer{SPACE},814,36,50,I D I O S Y N C R A S Y ,adjective{SPACE},7360,3,1967,idiosyncracy{SPACE},4830,0,0
3,1,S1,141,ARM,{SPACE},6428,SILVER,3,arm{SPACE},707,37,51,I N T E R J E C T,{SPACE},4308,2,1019,interject{SPACE},1929,0,0
3,1,S1,112,BABY,baby{SPACE},3276,ZOO,4,baby{SPACE},1172,38,57,J A G G E R ,{SPACE},2335,2,1485,jager{SPACE},1048,1,0
3,1,S1,132,JOKE,{SPACE},9473,HOT,4,joke{SPACE},1295,39,58,L I B E L,{SPACE},4115,4,1602,libel{SPACE},2212,0,0
3,1,S1,127,BOOK,cold{SPACE},3599,KNOB,4,book{SPACE},1441,40,62,L O Q U A C I O U S ,gregarious{SPACE},5250,1,1726,loquacious{SPACE},3970,0,0
3,1,S1,125,WOOD,wood{SPACE},1760,ACRE,4,wood{SPACE},1324,41,63,M A N D E L A,mendella{SPACE},5714,1,1804,mandela{SPACE},2238,1,1
3,1,S1,109,KNIFE,knife{SPACE},4650,RIP,5,knife{SPACE},1524,42,63,M E A G E R ,weak{SPACE},6139,3,2677,meager{SPACE},1533,1,0
3,1,S1,103,BOARD,{SPACE},2403,LOST,5,{SPACE},1528,43,64,M E R C U R Y,,9096,2,2122,mercury{SPACE},2185,0,0
3,1,S1,130,BIRD,bird{SPACE},2952,EXAM,4,bird{SPACE},1564,44,65,M I L L E R ,{SPACE},2179,2,981,miller{SPACE},1109,1,0
3,1,S1,139,MOVIE,{SPACE},4116,BEFORE,5,movie{SPACE},1274,45,67,M I N C E,mince{SPACE},5969,1,929,mince{SPACE},965,0,1
3,1,S1,145,BULB,bulb{SPACE},2692,NIGHT,4,bulb{SPACE},1370,46,69,M O N O T O N Y ,tedious{SPACE},6648,3,1460,monotony{SPACE},4492,1,0
3,1,S1,121,WET,wet{SPACE},2070,HALO,3,wet{SPACE},2835,47,69,M O N R O E ,monroe{SPACE},6441,1,1221,monroe{SPACE},1390,1,1
3,1,S1,148,HARD,soft{SPACE},5866,LEAP,4,hard{SPACE},2234,48,71,N A I R O B I,nairobi{SPACE},7802,1,2492,nairobi{SPACE},2994,0,1
4,1,S1,144,ALIVE,alive{SPACE},4893,LIGHT,5,alive{SPACE},858,1,1,A B D I C A T E ,,0,3,2601,abdicate{SPACE},1365,1,0
4,1,S1,113,CIRCLE,circle{SPACE},2324,DRY,6,circle{SPACE},1112,2,2,A B O R I G I N E,{SPACE},7991,2,976,aborgine{SPACE},1236,1,0
4,1,S1,142,SIT,{SPACE},1405,SOFT,3,sit{SPACE},464,3,6,A B S T A I N,{SPACE},9019,2,839,abstain{SPACE},1024,0,0
4,1,S1,138,FLOWER,silver{SPACE},9375,ARROW,6,flower{SPACE},1495,4,7,A D V O C A T E ,,0,4,1977,advocate{SPACE},1569,0,0
4,1,S1,146,LION,{SPACE},3558,VINE,4,lion{SPACE},1407,5,8,A L C O T T ,{SPACE},1665,2,873,alcott{SPACE},1550,0,0
4,1,S1,121,GLUE,glue{SPACE},3544,EMPTY,4,glue{SPACE},1422,6,9,A N A C H R O N I S M,contempor,9776,1,3763,anarchoism{SPACE},2078,1,0
4,1,S1,110,GOLD,gold{SPACE},1807,CREDIT,4,gold{SPACE},866,7,10,A N A G R A M,{SPACE},7180,2,855,anagram{SPACE},1019,1,0
4,1,S1,150,ANIMAL,{SPACE},1851,FUEL,6,animal{SPACE},744,8,11,A N D E S,andes{SPACE},3959,1,1004,andes{SPACE},676,0,1
4,1,S1,105,COLD,{SPACE},2608,TOUCH,4,cold{SPACE},747,9,11,A U R O R A ,aurora{SPACE},8777,1,1264,aurora{SPACE},3407,0,1
4,1,S1,112,DOOR,{SPACE},2172,TABLE,4,door{SPACE},1073,10,12,B A N G K O K,bangkok{SPACE},7170,1,1038,bangkok{SPACE},1211,0,1
4,1,S1,133,LAND,{SPACE},2969,PONY,4,land{SPACE},601,11,12,B A R T E R ,bargain{SPACE},5853,2,1761,barter{SPACE},719,0,0
4,1,S1,132,TEAR,{SPACE},2909,OAK,4,tear{SPACE},900,12,12,B E C K H A M,beckham{SPACE},5771,3,2675,beckham{SPACE},849,0,1
4,1,S1,127,FOUND,{SPACE},1184,BLAZE,5,found{SPACE},774,13,14,B I N O M I A L ,algebraic{SPACE},8418,3,1832,binomial{SPACE},1269,0,0
4,1,S1,141,TEST,{SPACE},1927,WICK,4,test{SPACE},504,14,15,C A R C A S S,roadkill{SPACE},4641,3,1641,carcass{SPACE},1322,0,0
4,1,S1,130,AFTER,mistake{SPACE},5452,BRIDE,5,after{SPACE},862,15,18,C A R R O L L,{SPACE},2616,2,1207,carrol{SPACE},1115,0,0
4,1,S1,109,DAY,day{SPACE},2618,MISTAKE,3,day{SPACE},494,16,20,C H A M E L E O N,chameleon{SPACE},9112,1,1104,chameleon{SPACE},1709,1,1
4,1,S1,145,ANGEL,angel{SPACE},1686,TRIM,5,angel{SPACE},644,17,21,C H U R C H I L L,ch,8007,4,2411,churchill{SPACE},1348,1,0
4,1,S1,129,JUMP,{SPACE},1913,EARLY,4,jump{SPACE},1192,18,22,C L E M E N S,{SPACE},6947,4,3256,clemens{SPACE},1087,0,0
4,1,S1,101,FORK,{SPACE},1859,BROOM,4,fork{SPACE},854,19,23,C O N G R U E N T,hetergeneous{SPACE},9696,3,7039,congruetn{SPACE},1547,0,0
4,1,S1,131,TEETH,bride{SPACE},9527,WORST,5,teeth{SPACE},828,20,27,C O N N E R Y,{SPACE},5080,2,1181,connery{SPACE},854,0,0
4,1,S1,140,INK,{SPACE},4452,BACON,3,ink{SPACE},518,21,31,C O V E N A N T ,{SPACE},8252,1,1001,covenant{SPACE},1031,0,0
4,1,S1,102,CAKE,cake{SPACE},4628,DUNE,4,cake{SPACE},1877,22,31,D A N T E,{SPACE},5876,2,1719,dante{SPACE},984,1,0
4,1,S1,103,HIGH,{SPACE},3691,TILE,4,high{SPACE},662,23,32,D E F A U L T,{SPACE},8921,2,1241,default{SPACE},1249,0,0
4,1,S1,111,PAIN,kill{SPACE},15259,COD,4,pain{SPACE},712,24,32,D E P L E T E,{SPACE},6631,2,938,deplete{SPACE},1555,0,0
4,1,S1,114,DIRT,{SPACE},1979,ANTLER,4,dirt{SPACE},937,25,33,D I V E R G E,div,9888,1,5507,diverge{SPACE},1228,0,0
4,1,S1,123,DAWN,{SPACE},1528,SAD,4,dawn{SPACE},867,26,33,E C C E N T R I C,{SPACE},5757,2,1189,eccentric{SPACE},1099,0,0
4,1,S1,147,ABOVE,{SPACE},1575,WAG,5,above{SPACE},611,27,35,E X O R C I S M ,,0,2,1643,exorcism{SPACE},1442,0,0
4,1,S1,135,PEPPER,silver{SPACE},3490,ROW,6,pepper{SPACE},718,28,36,F A R A D A Y,{SPACE},4989,2,934,faraday{SPACE},984,0,0
4,1,S1,116,BELT,{SPACE},1881,TOAD,4,belt{SPACE},766,29,41,F O L I A G E,,0,4,4623,foliage{SPACE},856,0,0
4,1,S1,143,ANGER,anger{SPACE},9183,ASSIST,5,anger{SPACE},676,30,44,G A R L A N D,{SPACE},4374,2,986,garland{SPACE},1038,1,0
4,1,S1,104,BEE,{SPACE},8328,DEAD,3,bee{SPACE},693,31,45,G O S L I N G,{SPACE},2535,2,1001,{SPACE},3849,0,0
4,1,S1,149,GIRL,girl{SPACE},1847,SQUARE,4,girl{SPACE},680,32,45,H A N C O C K,hamilton{SPACE},9242,1,3180,hancock{SPACE},1237,1,0
4,1,S1,137,OLD,{SPACE},2407,STAND,3,old{SPACE},873,33,47,H E L S I N K I ,stockholm,9730,3,2518,helsinki{ENTER}{SPACE},2679,0,0
4,1,S1,108,LEAD,lead{SPACE},1920,VASE,4,lead{SPACE},646,34,47,H O I S T,{SPACE},9898,2,1089,hoist{SPACE},901,1,0
4,1,S1,119,LEMON,lemon{SPACE},6355,ROAR,5,lemon{SPACE},923,35,48,H U S S E I N,{SPACE},8562,4,3426,husein{SPACE},1413,1,0
4,1,S1,124,HAMMER,{SPACE},1544,PASTE,6,hammer{SPACE},660,36,50,I D I O S Y N C R A S Y ,{SPACE},7783,3,4040,idiosyncracy{SPACE},2790,0,0
4,1,S1,118,ARM,{SPACE},3009,SILVER,3,arm{SPACE},338,37,51,I N T E R J E C T,int,9907,4,1574,interject{SPACE},1445,0,0
4,1,S1,120,BABY,{SPACE},1413,ZOO,4,baby{SPACE},992,38,57,J A G G E R ,{SPACE},3956,2,1658,jagger{SPACE},1249,0,0
4,1,S1,136,JOKE,{SPACE},3849,HOT,4,joke{SPACE},641,39,58,L I B E L,,0,4,2088,libel{SPACE},1166,0,0
4,1,S1,122,BOOK,{SPACE},2144,KNOB,4,book{SPACE},726,40,62,L O Q U A C I O U S ,{SPACE},4006,2,1000,locaqious{SPACE},3223,0,0
4,1,S1,126,WOOD,wood{SPACE},1811,ACRE,4,wood{SPACE},719,41,63,M A N D E L A,mandell,9918,1,2449,mandella{SPACE},1928,1,1
4,1,S1,106,KNIFE,knife{SPACE},4426,RIP,5,knife{SPACE},1428,42,63,M E A G E R ,,0,2,4777,meager{SPACE},1367,1,0
4,1,S1,125,BOARD,knife{SPACE},3290,LOST,5,board{SPACE},874,43,64,M E R C U R Y,bonjovi{SPACE},9363,3,1569,mercury{SPACE},1193,0,0
4,1,S1,139,BIRD,{SPACE},2217,EXAM,4,bird{SPACE},602,44,65,M I L L E R ,{SPACE},4591,2,1081,miller{SPACE},1196,0,0
4,1,S1,107,MOVIE,after{SPACE},5737,BEFORE,5,movie{SPACE},1977,45,67,M I N C E,mince{SPACE},7779,1,2037,mince{SPACE},857,0,1
4,1,S1,128,BULB,bulb{SPACE},2282,NIGHT,4,bulb{SPACE},6469,46,69,M O N O T O N Y ,,0,2,2529,monotony{SPACE},1484,1,0
4,1,S1,115,WET,wet{SPACE},2738,HALO,3,wet{SPACE},539,47,69,M O N R O E ,monroe{SPACE},4818,1,1315,monroe{SPACE},1317,1,1
4,1,S1,148,HARD,{SPACE},1792,LEAP,4,hard{SPACE},480,48,71,N A I R O B I,nairobi{SPACE},9835,1,645,nairobi{SPACE},3522,0,1